{"sideOdds":[0.1666666716337204,0.1666666716337204,0.1666666716337204,0.1666666716337204,0.1666666716337204,0.1666666716337204],"total":1.0}